id;param;required;param_name
1;Savings Account Yemen;63548;attitude-oriented capacitor copying
2;zero tolerance Personal Loan Account virtual;10164;extranet sky blue Hong Kong Dollar
3;synthesize;59624;port Center Personal Loan Account
4;Granite plum;43288;program
5;back up world-class Outdoors;3361;Ohio Optimized feed
6;Factors Multi-tiered;44909;Connecticut project Swiss Franc
7;Buckinghamshire deposit;57462;withdrawal
8;THX transmit;61537;Awesome Ohio Digitized
9;Programmable FTP Peru;9849;invoice Graphic Interface redundant
10;heuristic;47088;solid state Home Loan Account Principal
